3,真心抱歉给您带来不好的购物体验，您的问题客服已经记下并反馈给专业的团队处理，还望您多多耐心等待一下~ 如果超时还未给您处理，还麻烦您及时告知客服，客服肯定给您处理好的，感谢您的支持！
3,我非常理解您的心情，请放心，我们一定会查证清楚，给您一个满意的答复！
3,请您不要着急，我很理解您的心情，我们一定会尽一切可能为您解决问题；
3,我很理解您的心情，请放心，我们一定会核实清楚，并给您一个满意的答复；
3,您好，给您带来这么多麻烦，真对不起，如果我是您的话，我也会很生气的，请您先消消气，然后再给我几分钟时间说这件事可以吗？
3,非常抱歉给您带来的不便，我们的心情和您一样；
3,是的，如果我遇到您这样的麻烦，相信也会有您现在这样的心情。
3,您对我们的产品如此熟悉，一定是我们的老客户了，对不起，我们犯了这种错误，真是对不起。
3,非常感谢您提出如此好的建议，我们将会向上反映，因为有了您的建议，我们将会不断进步。
3,这一次给您带来了麻烦，其实，我们也很不好意思，您所说的情况我们都会记录下来，并反馈给相关部门，会尽量避免问题的再次出现...
3,感谢您对我们的服务监督，您的反馈意见将会成为我们店铺今后改进的重要参考，希望带给您更好的体验。
3,我能理解；
3,我非常理解您的心情；
3,我理解您怎么会生气，换成是我我也会跟您一样的感受；
3,请您不要着急，我非常理解您的心情，我们一定会竭尽全力为您，解决的；
3,发生这样的事，给您带来不便，不过我们应该积极面对才是对吗，我非常理解您的心情，请放心，我们一定会检测清楚，给您一个满意的答复;
3,“如果是我，我也会很着急的…”我与您有同感……”“是挺让人生气的……”；
3,您好，给您带来这么多的麻烦实在是非常抱歉，如果我是您的话，我也会很生气的，请您先消消气给我几分钟时间给您说一下这个原因可以吗
3,我非常理解您的心情，请放心，我们一定会查证清楚，给您一个满意的答复
3,我真的很能理解，请放心，我们一定查证清楚，然后给您回复
4,非常感谢您这么好的建议，我们会向上反映，因为有了您的建议，我们才会不断进步
4,（客户不满意但不追究时）谢谢您的理解和支持，我们将不断改进服务，让您满意；
4,先生，您都是我们的老客户了，我们当然不能辜负您的信任……
4,您这次问题解决后尽管放心使用感谢您对我们的服务监督，这将让我们做得更好
4,感谢您对我店铺的支持，您反馈的建议，将成为我们店铺日后改进工作的重要参考内容
4,针对您刚才所反映的情况我们店铺也会不断地去改善，希望改善后能给您带来更好的服务；
4,让您产生这样的疑惑，也让您生气了，实在抱歉非常感谢您提供给我们的宝贵建议，有 您这样的客户是我们店铺的荣幸；
